OvrTeamID |('Agreeable', 'Conscientious')| |('Agreeable', 'Neurotic')| |('Agreeable', 'Open')|
1 0.5762215285808054 0.5762215285808054 0.5762215285808054
2 0.22534695471649938 0.22534695471649938 0.22534695471649938
3 1.505437435331182 1.505437435331182 1.505437435331182
