OvrTeamID |('Agreeable', 'Conscientious')| |('Agreeable', 'Neurotic')| |('Agreeable', 'Open')| |('Conscientious', 'Neurotic')| |('Conscientious', 'Open')| |('Neurotic', 'Open')|
1 0.6311976450590002 0.6305310812675647 0.6305310812675647 -0.11695293163271274 -0.11695293163271274 0.11785113019775798
2 -0.11974356830014639 0.15023130314433297 0.15023130314433297 -0.11695293163271274 -0.11695293163271274 0.11785113019775798
3 -0.11974356830014639 0.15023130314433297 0.15023130314433297 -0.11695293163271274 -0.11695293163271274 0.11785113019775798
4 -0.13288069322910928 0.15023130314433297 0.15023130314433297 -0.1133363862209771 -0.1133363862209771 0.11785113019775798
5 1.3983436873782296 1.4887932505362982 1.4887932505362982 0.5887143113488116 0.5887143113488116 1.4534972724390145
